<?xml version="1.0" encoding="UTF-8"?>
<metadata modelVersion="1.1.0">
  <groupId>io.springside</groupId>
  <artifactId>springside-extension</artifactId>
  <version>4.3.0-SNAPSHOT</version>
  <versioning>
    <snapshot>
      <timestamp>20160322.054342</timestamp>
      <buildNumber>1</buildNumber>
    </snapshot>
    <lastUpdated>20160322054342</lastUpdated>
    <snapshotVersions>
      <snapshotVersion>
        <extension>jar</extension>
        <value>4.3.0-20160322.054342-1</value>
        <updated>20160322054342</updated>
      </snapshotVersion>
      <snapshotVersion>
        <extension>pom</extension>
        <value>4.3.0-20160322.054342-1</value>
        <updated>20160322054342</updated>
      </snapshotVersion>
      <snapshotVersion>
        <classifier>sources</classifier>
        <extension>jar</extension>
        <value>4.3.0-20160322.054342-1</value>
        <updated>20160322054342</updated>
      </snapshotVersion>
    </snapshotVersions>
  </versioning>
</metadata>
