<?xml version="1.0" encoding="UTF-8"?>
<metadata modelVersion="1.1.0">
  <groupId>io.springside</groupId>
  <artifactId>springside-modules</artifactId>
  <version>4.3.0-SNAPSHOT</version>
  <versioning>
    <snapshot>
      <localCopy>true</localCopy>
    </snapshot>
    <lastUpdated>20160322054345</lastUpdated>
    <snapshotVersions>
      <snapshotVersion>
        <extension>pom</extension>
        <value>4.3.0-SNAPSHOT</value>
        <updated>20160322054345</updated>
      </snapshotVersion>
    </snapshotVersions>
  </versioning>
</metadata>
